species,sample,value,ind,time,svalue,antibiotic
Unc05qi6,D1,0,D,1,NA,Antibiotic-free
Unc05qi6,D2,0,D,2,NA,Antibiotic-free
Unc05qi6,D3,0,D,3,0,Antibiotic-free
Unc05qi6,D4,0,D,4,0,Antibiotic-free
Unc05qi6,D5,0,D,5,0,Antibiotic-free
Unc05qi6,D6,0,D,6,0.2,Antibiotic-free
Unc05qi6,D7,0,D,7,0.2,Antibiotic-free
Unc05qi6,D8,1,D,8,0.2,Antibiotic-free
Unc05qi6,D9,0,D,9,0.2,Antibiotic-free
Unc05qi6,D10,0,D,10,0.2,Antibiotic-free
Unc05qi6,D11,0,D,11,0,Antibiotic-free
Unc05qi6,D12,0,D,12,0,Antibiotic
Unc05qi6,D13,0,D,13,0,Antibiotic
Unc05qi6,D14,0,D,14,0,Antibiotic
Unc05qi6,D15,0,D,15,0,Antibiotic
Unc05qi6,D16,0,D,16,0,Antibiotic
Unc05qi6,D17,0,D,17,0,Post-Antibiotic
Unc05qi6,D18,0,D,18,0,Post-Antibiotic
Unc05qi6,D19,0,D,19,0,Post-Antibiotic
Unc05qi6,D20,0,D,20,0,Post-Antibiotic
Unc05qi6,D21,0,D,21,0,Post-Antibiotic
Unc05qi6,D22,0,D,22,0,Post-Antibiotic
Unc05qi6,D23,0,D,23,0,Post-Antibiotic
Unc05qi6,D24,0,D,24,0,Antibiotic-free
Unc05qi6,D25,0,D,25,0,Antibiotic-free
Unc05qi6,D26,0,D,26,0,Antibiotic-free
Unc05qi6,D27,0,D,27,0,Antibiotic-free
Unc05qi6,D28,0,D,28,0,Antibiotic-free
Unc05qi6,D29,0,D,29,0,Antibiotic-free
Unc05qi6,D30,0,D,30,0,Antibiotic-free
Unc05qi6,D31,0,D,31,0.2,Antibiotic-free
Unc05qi6,D32,0,D,32,0.2,Antibiotic-free
Unc05qi6,D33,1,D,33,0.2,Antibiotic-free
Unc05qi6,D34,0,D,34,0.2,Antibiotic-free
Unc05qi6,D35,0,D,35,0.2,Antibiotic-free
Unc05qi6,D36,0,D,36,0,Antibiotic-free
Unc05qi6,D37,0,D,37,0,Antibiotic-free
Unc05qi6,D38,0,D,38,0,Antibiotic-free
Unc05qi6,D39,0,D,39,0,Antibiotic-free
Unc05qi6,D40,0,D,40,0,Antibiotic
Unc05qi6,D41,0,D,41,0,Antibiotic
Unc05qi6,D42,0,D,42,0,Antibiotic
Unc05qi6,D43,0,D,43,0,Antibiotic
Unc05qi6,D44,0,D,44,0,Antibiotic
Unc05qi6,D45,0,D,45,0,Post-Antibiotic
Unc05qi6,D46,0,D,46,0,Post-Antibiotic
Unc05qi6,D47,0,D,47,0,Post-Antibiotic
Unc05qi6,D48,0,D,48,0.6,Post-Antibiotic
Unc05qi6,D49,0,D,49,0.6,Post-Antibiotic
Unc05qi6,D50,3,D,50,0.6,Post-Antibiotic
Unc05qi6,D51,0,D,51,0.6,Post-Antibiotic
Unc05qi6,D52,0,D,52,0.6,Antibiotic-free
Unc05qi6,D53,0,D,53,0,Antibiotic-free
Unc05qi6,D54,0,D,54,0,Antibiotic-free
Unc05qi6,D55,0,D,55,2.2,Antibiotic-free
Unc05qi6,D56,0,D,56,8.4,Antibiotic-free
Unc06af7,D1,11,D,1,13,Antibiotic-free
Unc06af7,D2,31,D,2,19.2,Antibiotic-free
Unc06af7,D3,23,D,3,24.4,Antibiotic-free
Unc06af7,D4,31,D,4,57.2,Antibiotic-free
Unc06af7,D5,26,D,5,87.2,Antibiotic-free
Unc06af7,D6,175,D,6,83.2,Antibiotic-free
Unc06af7,D7,181,D,7,101.2,Antibiotic-free
Unc06af7,D8,3,D,8,105.6,Antibiotic-free
Unc06af7,D9,121,D,9,70.6,Antibiotic-free
Unc06af7,D10,48,D,10,35,Antibiotic-free
Unc06af7,D11,0,D,11,51.4,Antibiotic-free
Unc06af7,D12,3,D,12,28,Antibiotic
Unc06af7,D13,85,D,13,255,Antibiotic
Unc06af7,D14,4,D,14,275.8,Antibiotic
Unc06af7,D15,1183,D,15,285.8,Antibiotic
Unc06af7,D16,104,D,16,367.6,Antibiotic
Unc06af7,D17,53,D,17,610,Post-Antibiotic
Unc06af7,D18,494,D,18,495.4,Post-Antibiotic
Unc06af7,D19,1216,D,19,716.4,Post-Antibiotic
Unc06af7,D20,610,D,20,1009,Post-Antibiotic
Unc06af7,D21,1209,D,21,1007.6,Post-Antibiotic
Unc06af7,D22,1516,D,22,784.4,Post-Antibiotic
Unc06af7,D23,487,D,23,694.2,Post-Antibiotic
Unc06af7,D24,100,D,24,510.8,Antibiotic-free
Unc06af7,D25,159,D,25,258.4,Antibiotic-free
Unc06af7,D26,292,D,26,234.4,Antibiotic-free
Unc06af7,D27,254,D,27,249.8,Antibiotic-free
Unc06af7,D28,367,D,28,226,Antibiotic-free
Unc06af7,D29,177,D,29,185.6,Antibiotic-free
Unc06af7,D30,40,D,30,143.6,Antibiotic-free
Unc06af7,D31,90,D,31,149.2,Antibiotic-free
Unc06af7,D32,44,D,32,181.6,Antibiotic-free
Unc06af7,D33,395,D,33,181.8,Antibiotic-free
Unc06af7,D34,339,D,34,203.8,Antibiotic-free
Unc06af7,D35,41,D,35,242.2,Antibiotic-free
Unc06af7,D36,200,D,36,170.4,Antibiotic-free
Unc06af7,D37,236,D,37,109.4,Antibiotic-free
Unc06af7,D38,36,D,38,165.2,Antibiotic-free
Unc06af7,D39,34,D,39,133.2,Antibiotic-free
Unc06af7,D40,320,D,40,135.8,Antibiotic
Unc06af7,D41,40,D,41,128.6,Antibiotic
Unc06af7,D42,249,D,42,122.2,Antibiotic
Unc06af7,D43,0,D,43,58.2,Antibiotic
Unc06af7,D44,2,D,44,182.8,Antibiotic
Unc06af7,D45,0,D,45,148.2,Post-Antibiotic
Unc06af7,D46,663,D,46,406,Post-Antibiotic
Unc06af7,D47,76,D,47,518.6,Post-Antibiotic
Unc06af7,D48,1289,D,48,529.6,Post-Antibiotic
Unc06af7,D49,565,D,49,450.6,Post-Antibiotic
Unc06af7,D50,55,D,50,447.4,Post-Antibiotic
Unc06af7,D51,268,D,51,220.4,Post-Antibiotic
Unc06af7,D52,60,D,52,110.8,Antibiotic-free
Unc06af7,D53,154,D,53,104.6,Antibiotic-free
Unc06af7,D54,17,D,54,71.2,Antibiotic-free
Unc06af7,D55,24,D,55,75,Antibiotic-free
Unc06af7,D56,101,D,56,326.8,Antibiotic-free
Unc06bhm,D1,79,D,1,506.4,Antibiotic-free
Unc06bhm,D2,1413,D,2,774.8,Antibiotic-free
Unc06bhm,D3,915,D,3,892.4,Antibiotic-free
Unc06bhm,D4,1366,D,4,1031.8,Antibiotic-free
Unc06bhm,D5,689,D,5,871,Antibiotic-free
Unc06bhm,D6,776,D,6,782,Antibiotic-free
Unc06bhm,D7,609,D,7,570.6,Antibiotic-free
Unc06bhm,D8,470,D,8,447.6,Antibiotic-free
Unc06bhm,D9,309,D,9,324.4,Antibiotic-free
Unc06bhm,D10,74,D,10,448.6,Antibiotic-free
Unc06bhm,D11,160,D,11,585.8,Antibiotic-free
Unc06bhm,D12,1230,D,12,1072.8,Antibiotic
Unc06bhm,D13,1156,D,13,1063,Antibiotic
Unc06bhm,D14,2744,D,14,1050,Antibiotic
Unc06bhm,D15,25,D,15,817,Antibiotic
Unc06bhm,D16,95,D,16,594.4,Antibiotic
Unc06bhm,D17,65,D,17,83.4,Post-Antibiotic
Unc06bhm,D18,43,D,18,152.2,Post-Antibiotic
Unc06bhm,D19,189,D,19,216.4,Post-Antibiotic
Unc06bhm,D20,369,D,20,334.8,Post-Antibiotic
Unc06bhm,D21,416,D,21,515.4,Post-Antibiotic
Unc06bhm,D22,657,D,22,745,Post-Antibiotic
Unc06bhm,D23,946,D,23,760,Post-Antibiotic
Unc06bhm,D24,1337,D,24,889.2,Antibiotic-free
Unc06bhm,D25,444,D,25,1005,Antibiotic-free
Unc06bhm,D26,1062,D,26,875.8,Antibiotic-free
Unc06bhm,D27,1236,D,27,744.2,Antibiotic-free
Unc06bhm,D28,300,D,28,781,Antibiotic-free
Unc06bhm,D29,679,D,29,681.8,Antibiotic-free
Unc06bhm,D30,628,D,30,562.2,Antibiotic-free
Unc06bhm,D31,566,D,31,589.6,Antibiotic-free
Unc06bhm,D32,638,D,32,534.8,Antibiotic-free
Unc06bhm,D33,437,D,33,528.8,Antibiotic-free
Unc06bhm,D34,405,D,34,612,Antibiotic-free
Unc06bhm,D35,598,D,35,701.6,Antibiotic-free
Unc06bhm,D36,982,D,36,813,Antibiotic-free
Unc06bhm,D37,1086,D,37,897.2,Antibiotic-free
Unc06bhm,D38,994,D,38,869.8,Antibiotic-free
Unc06bhm,D39,826,D,39,770.6,Antibiotic-free
Unc06bhm,D40,461,D,40,889.4,Antibiotic
Unc06bhm,D41,486,D,41,692.6,Antibiotic
Unc06bhm,D42,1680,D,42,527.8,Antibiotic
Unc06bhm,D43,10,D,43,436.2,Antibiotic
Unc06bhm,D44,2,D,44,339.4,Antibiotic
Unc06bhm,D45,3,D,45,3.4,Post-Antibiotic
Unc06bhm,D46,2,D,46,29.2,Post-Antibiotic
Unc06bhm,D47,0,D,47,59,Post-Antibiotic
Unc06bhm,D48,139,D,48,80.8,Post-Antibiotic
Unc06bhm,D49,151,D,49,147.2,Post-Antibiotic
Unc06bhm,D50,112,D,50,202.4,Post-Antibiotic
Unc06bhm,D51,334,D,51,247.4,Post-Antibiotic
Unc06bhm,D52,276,D,52,297.2,Antibiotic-free
Unc06bhm,D53,364,D,53,336.2,Antibiotic-free
Unc06bhm,D54,400,D,54,337.2,Antibiotic-free
Unc06bhm,D55,307,D,55,303.6,Antibiotic-free
Unc06bhm,D56,339,D,56,269.2,Antibiotic-free
Unc06g1h,D1,108,D,1,222.2,Antibiotic-free
Unc06g1h,D2,192,D,2,194.8,Antibiotic-free
Unc06g1h,D3,165,D,3,154,Antibiotic-free
Unc06g1h,D4,170,D,4,194.4,Antibiotic-free
Unc06g1h,D5,135,D,5,203,Antibiotic-free
Unc06g1h,D6,310,D,6,176,Antibiotic-free
Unc06g1h,D7,235,D,7,173.8,Antibiotic-free
Unc06g1h,D8,30,D,8,158,Antibiotic-free
Unc06g1h,D9,159,D,9,107.8,Antibiotic-free
Unc06g1h,D10,56,D,10,68.4,Antibiotic-free
Unc06g1h,D11,59,D,11,87,Antibiotic-free
Unc06g1h,D12,38,D,12,68.8,Antibiotic
Unc06g1h,D13,123,D,13,378.6,Antibiotic
Unc06g1h,D14,68,D,14,839.8,Antibiotic
Unc06g1h,D15,1605,D,15,970.4,Antibiotic
Unc06g1h,D16,2365,D,16,1280.2,Antibiotic
Unc06g1h,D17,691,D,17,1599,Post-Antibiotic
Unc06g1h,D18,1672,D,18,1493.4,Post-Antibiotic
Unc06g1h,D19,1662,D,19,1337.2,Post-Antibiotic
Unc06g1h,D20,1077,D,20,1604.2,Post-Antibiotic
Unc06g1h,D21,1584,D,21,1430.6,Post-Antibiotic
Unc06g1h,D22,2026,D,22,1135,Post-Antibiotic
Unc06g1h,D23,804,D,23,981.8,Post-Antibiotic
Unc06g1h,D24,184,D,24,769.4,Antibiotic-free
Unc06g1h,D25,311,D,25,459.4,Antibiotic-free
Unc06g1h,D26,522,D,26,423,Antibiotic-free
Unc06g1h,D27,476,D,27,439.8,Antibiotic-free
Unc06g1h,D28,622,D,28,392.6,Antibiotic-free
Unc06g1h,D29,268,D,29,319.8,Antibiotic-free
Unc06g1h,D30,75,D,30,237.6,Antibiotic-free
Unc06g1h,D31,158,D,31,228.6,Antibiotic-free
Unc06g1h,D32,65,D,32,271,Antibiotic-free
Unc06g1h,D33,577,D,33,312.8,Antibiotic-free
Unc06g1h,D34,480,D,34,345.6,Antibiotic-free
Unc06g1h,D35,284,D,35,394,Antibiotic-free
Unc06g1h,D36,322,D,36,331,Antibiotic-free
Unc06g1h,D37,307,D,37,280.4,Antibiotic-free
Unc06g1h,D38,262,D,38,311.4,Antibiotic-free
Unc06g1h,D39,227,D,39,298.6,Antibiotic-free
Unc06g1h,D40,439,D,40,290.4,Antibiotic
Unc06g1h,D41,258,D,41,238,Antibiotic
Unc06g1h,D42,266,D,42,198.8,Antibiotic
Unc06g1h,D43,0,D,43,121.4,Antibiotic
Unc06g1h,D44,31,D,44,278,Antibiotic
Unc06g1h,D45,52,D,45,351.2,Post-Antibiotic
Unc06g1h,D46,1041,D,46,724.2,Post-Antibiotic
Unc06g1h,D47,632,D,47,881,Post-Antibiotic
Unc06g1h,D48,1865,D,48,941.8,Post-Antibiotic
Unc06g1h,D49,815,D,49,883.8,Post-Antibiotic
Unc06g1h,D50,356,D,50,797.6,Post-Antibiotic
Unc06g1h,D51,751,D,51,501.4,Post-Antibiotic
Unc06g1h,D52,201,D,52,367,Antibiotic-free
Unc06g1h,D53,384,D,53,313.8,Antibiotic-free
Unc06g1h,D54,143,D,54,232,Antibiotic-free
Unc06g1h,D55,90,D,55,350,Antibiotic-free
Unc06g1h,D56,342,D,56,596.4,Antibiotic-free
Unc06grq,D1,791,D,1,832.4,Antibiotic-free
Unc06grq,D2,1616,D,2,1183.6,Antibiotic-free
Unc06grq,D3,1323,D,3,1578,Antibiotic-free
Unc06grq,D4,1846,D,4,1868.6,Antibiotic-free
Unc06grq,D5,2314,D,5,1875.8,Antibiotic-free
Unc06grq,D6,2244,D,6,1680.6,Antibiotic-free
Unc06grq,D7,1652,D,7,1478.8,Antibiotic-free
Unc06grq,D8,347,D,8,1116,Antibiotic-free
Unc06grq,D9,837,D,9,941.4,Antibiotic-free
Unc06grq,D10,500,D,10,695.8,Antibiotic-free
Unc06grq,D11,1371,D,11,741.6,Antibiotic-free
Unc06grq,D12,424,D,12,594.8,Antibiotic
Unc06grq,D13,576,D,13,495.8,Antibiotic
Unc06grq,D14,103,D,14,230.6,Antibiotic
Unc06grq,D15,5,D,15,151,Antibiotic
Unc06grq,D16,45,D,16,36.8,Antibiotic
Unc06grq,D17,26,D,17,20.8,Post-Antibiotic
Unc06grq,D18,5,D,18,26,Post-Antibiotic
Unc06grq,D19,23,D,19,70.2,Post-Antibiotic
Unc06grq,D20,31,D,20,268,Post-Antibiotic
Unc06grq,D21,266,D,21,356.8,Post-Antibiotic
Unc06grq,D22,1015,D,22,521,Post-Antibiotic
Unc06grq,D23,449,D,23,825.8,Post-Antibiotic
Unc06grq,D24,844,D,24,939.4,Antibiotic-free
Unc06grq,D25,1555,D,25,880.8,Antibiotic-free
Unc06grq,D26,834,D,26,971.4,Antibiotic-free
Unc06grq,D27,722,D,27,945.6,Antibiotic-free
Unc06grq,D28,902,D,28,776.6,Antibiotic-free
Unc06grq,D29,715,D,29,814.4,Antibiotic-free
Unc06grq,D30,710,D,30,791,Antibiotic-free
Unc06grq,D31,1023,D,31,1290.2,Antibiotic-free
Unc06grq,D32,605,D,32,1756.2,Antibiotic-free
Unc06grq,D33,3398,D,33,1976.2,Antibiotic-free
Unc06grq,D34,3045,D,34,2125.4,Antibiotic-free
Unc06grq,D35,1810,D,35,2410.8,Antibiotic-free
Unc06grq,D36,1769,D,36,2055.4,Antibiotic-free
Unc06grq,D37,2032,D,37,1708.4,Antibiotic-free
Unc06grq,D38,1621,D,38,1953,Antibiotic-free
Unc06grq,D39,1310,D,39,1938.8,Antibiotic-free
Unc06grq,D40,3033,D,40,1687.2,Antibiotic
Unc06grq,D41,1698,D,41,1363.2,Antibiotic
Unc06grq,D42,774,D,42,1103.6,Antibiotic
Unc06grq,D43,1,D,43,501,Antibiotic
Unc06grq,D44,12,D,44,282.4,Antibiotic
Unc06grq,D45,20,D,45,206.8,Post-Antibiotic
Unc06grq,D46,605,D,46,639.4,Post-Antibiotic
Unc06grq,D47,396,D,47,1026,Post-Antibiotic
Unc06grq,D48,2164,D,48,1229.2,Post-Antibiotic
Unc06grq,D49,1945,D,49,1250.8,Post-Antibiotic
Unc06grq,D50,1036,D,50,1514.6,Post-Antibiotic
Unc06grq,D51,713,D,51,1518.4,Post-Antibiotic
Unc06grq,D52,1715,D,52,1484.8,Antibiotic-free
Unc06grq,D53,2183,D,53,1723.8,Antibiotic-free
Unc06grq,D54,1777,D,54,2305.8,Antibiotic-free
Unc06grq,D55,2231,D,55,1962.8,Antibiotic-free
Unc06grq,D56,3623,D,56,1526.2,Antibiotic-free
Unc09fy6,D1,0,D,1,1170.8,Antibiotic-free
Unc09fy6,D2,0,D,2,724.6,Antibiotic-free
Unc09fy6,D3,0,D,3,0,Antibiotic-free
Unc09fy6,D4,0,D,4,0,Antibiotic-free
Unc09fy6,D5,0,D,5,0,Antibiotic-free
Unc09fy6,D6,0,D,6,0,Antibiotic-free
Unc09fy6,D7,0,D,7,0.2,Antibiotic-free
Unc09fy6,D8,0,D,8,0.2,Antibiotic-free
Unc09fy6,D9,1,D,9,0.2,Antibiotic-free
Unc09fy6,D10,0,D,10,0.2,Antibiotic-free
Unc09fy6,D11,0,D,11,0.2,Antibiotic-free
Unc09fy6,D12,0,D,12,0,Antibiotic
Unc09fy6,D13,0,D,13,0.2,Antibiotic
Unc09fy6,D14,0,D,14,0.2,Antibiotic
Unc09fy6,D15,1,D,15,0.2,Antibiotic
Unc09fy6,D16,0,D,16,0.2,Antibiotic
Unc09fy6,D17,0,D,17,0.4,Post-Antibiotic
Unc09fy6,D18,0,D,18,0.2,Post-Antibiotic
Unc09fy6,D19,1,D,19,0.2,Post-Antibiotic
Unc09fy6,D20,0,D,20,0.4,Post-Antibiotic
Unc09fy6,D21,0,D,21,0.4,Post-Antibiotic
Unc09fy6,D22,1,D,22,0.2,Post-Antibiotic
Unc09fy6,D23,0,D,23,0.2,Post-Antibiotic
Unc09fy6,D24,0,D,24,0.2,Antibiotic-free
Unc09fy6,D25,0,D,25,0,Antibiotic-free
Unc09fy6,D26,0,D,26,0,Antibiotic-free
Unc09fy6,D27,0,D,27,0,Antibiotic-free
Unc09fy6,D28,0,D,28,0,Antibiotic-free
Unc09fy6,D29,0,D,29,0,Antibiotic-free
Unc09fy6,D30,0,D,30,0,Antibiotic-free
Unc09fy6,D31,0,D,31,0,Antibiotic-free
Unc09fy6,D32,0,D,32,0,Antibiotic-free
Unc09fy6,D33,0,D,33,0,Antibiotic-free
Unc09fy6,D34,0,D,34,0.2,Antibiotic-free
Unc09fy6,D35,0,D,35,0.2,Antibiotic-free
Unc09fy6,D36,1,D,36,0.2,Antibiotic-free
Unc09fy6,D37,0,D,37,0.2,Antibiotic-free
Unc09fy6,D38,0,D,38,0.2,Antibiotic-free
Unc09fy6,D39,0,D,39,0,Antibiotic-free
Unc09fy6,D40,0,D,40,0,Antibiotic
Unc09fy6,D41,0,D,41,0,Antibiotic
Unc09fy6,D42,0,D,42,0,Antibiotic
Unc09fy6,D43,0,D,43,0,Antibiotic
Unc09fy6,D44,0,D,44,0,Antibiotic
Unc09fy6,D45,0,D,45,0.8,Post-Antibiotic
Unc09fy6,D46,0,D,46,0.8,Post-Antibiotic
Unc09fy6,D47,4,D,47,1,Post-Antibiotic
Unc09fy6,D48,0,D,48,1.6,Post-Antibiotic
Unc09fy6,D49,1,D,49,2.6,Post-Antibiotic
Unc09fy6,D50,3,D,50,1.8,Post-Antibiotic
Unc09fy6,D51,5,D,51,1.8,Post-Antibiotic
Unc09fy6,D52,0,D,52,1.6,Antibiotic-free
Unc09fy6,D53,0,D,53,1,Antibiotic-free
Unc09fy6,D54,0,D,54,0,Antibiotic-free
Unc09fy6,D55,0,D,55,173.8,Antibiotic-free
Unc09fy6,D56,0,D,56,260.2,Antibiotic-free
Unc05qi6,E1,869,E,1,458.2,Antibiotic-free
Unc05qi6,E2,432,E,2,529.8,Antibiotic-free
Unc05qi6,E3,990,E,3,727.2,Antibiotic-free
Unc05qi6,E4,358,E,4,791,Antibiotic-free
Unc05qi6,E5,987,E,5,794.6,Antibiotic-free
Unc05qi6,E6,1188,E,6,711.6,Antibiotic-free
Unc05qi6,E7,450,E,7,758.6,Antibiotic-free
Unc05qi6,E8,575,E,8,722.2,Antibiotic-free
Unc05qi6,E9,593,E,9,568.6,Antibiotic-free
Unc05qi6,E10,805,E,10,534.4,Antibiotic-free
Unc05qi6,E11,420,E,11,533.6,Antibiotic-free
Unc05qi6,E12,279,E,12,588.2,Antibiotic
Unc05qi6,E13,571,E,13,447.2,Antibiotic
Unc05qi6,E14,866,E,14,411.4,Antibiotic
Unc05qi6,E15,100,E,15,446.8,Antibiotic
Unc05qi6,E16,241,E,16,349.4,Antibiotic
Unc05qi6,E17,456,E,17,204.6,Post-Antibiotic
Unc05qi6,E18,84,E,18,202.8,Post-Antibiotic
Unc05qi6,E19,142,E,19,214.4,Post-Antibiotic
Unc05qi6,E20,91,E,20,648.4,Post-Antibiotic
Unc05qi6,E21,299,E,21,715.4,Antibiotic-free
Unc05qi6,E22,2626,E,22,705.4,Antibiotic-free
Unc05qi6,E23,419,E,23,803.6,Antibiotic-free
Unc05qi6,E24,92,E,24,1253.8,Antibiotic-free
Unc05qi6,E25,582,E,25,777,Antibiotic-free
Unc05qi6,E26,2550,E,26,871.6,Antibiotic-free
Unc05qi6,E27,242,E,27,998,Antibiotic-free
Unc05qi6,E28,892,E,28,1021.8,Antibiotic-free
Unc05qi6,E29,724,E,29,1022.2,Antibiotic-free
Unc05qi6,E30,701,E,30,1089.2,Antibiotic-free
Unc05qi6,E31,2552,E,31,950.2,Antibiotic-free
Unc05qi6,E32,577,E,32,822.4,Antibiotic-free
Unc05qi6,E33,197,E,33,782.8,Antibiotic-free
Unc05qi6,E34,85,E,34,294.4,Antibiotic-free
Unc05qi6,E35,503,E,35,235,Antibiotic-free
Unc05qi6,E36,110,E,36,261.4,Antibiotic-free
Unc05qi6,E37,280,E,37,432.8,Antibiotic
Unc05qi6,E38,329,E,38,458.4,Antibiotic
Unc05qi6,E39,942,E,39,493.6,Antibiotic
Unc05qi6,E40,631,E,40,469,Antibiotic
Unc05qi6,E41,286,E,41,428,Antibiotic
Unc05qi6,E42,157,E,42,390.8,Post-Antibiotic
Unc05qi6,E43,124,E,43,303.4,Post-Antibiotic
Unc05qi6,E44,756,E,44,299.8,Post-Antibiotic
Unc05qi6,E45,194,E,45,328.2,Post-Antibiotic
Unc05qi6,E46,268,E,46,919.8,Post-Antibiotic
Unc05qi6,E47,299,E,47,919.8,Post-Antibiotic
Unc05qi6,E48,3082,E,48,1084.4,Antibiotic-free
Unc05qi6,E49,756,E,49,1200.8,Antibiotic-free
Unc05qi6,E50,1017,E,50,1397,Antibiotic-free
Unc05qi6,E51,850,E,51,887.4,Antibiotic-free
Unc05qi6,E52,1280,E,52,820.4,Antibiotic-free
Unc06af7,E1,534,E,1,708,Antibiotic-free
Unc06af7,E2,421,E,2,638.4,Antibiotic-free
Unc06af7,E3,455,E,3,478,Antibiotic-free
Unc06af7,E4,502,E,4,478,Antibiotic-free
Unc06af7,E5,478,E,5,489.2,Antibiotic-free
Unc06af7,E6,534,E,6,524.6,Antibiotic-free
Unc06af7,E7,477,E,7,485.2,Antibiotic-free
Unc06af7,E8,632,E,8,501.6,Antibiotic-free
Unc06af7,E9,305,E,9,580.8,Antibiotic-free
Unc06af7,E10,560,E,10,560,Antibiotic-free
Unc06af7,E11,930,E,11,558.4,Antibiotic-free
Unc06af7,E12,373,E,12,1119.6,Antibiotic
Unc06af7,E13,624,E,13,1663.6,Antibiotic
Unc06af7,E14,3111,E,14,2634,Antibiotic
Unc06af7,E15,3280,E,15,3861.4,Antibiotic
Unc06af7,E16,5782,E,16,4169.4,Antibiotic
Unc06af7,E17,6510,E,17,3846.4,Post-Antibiotic
Unc06af7,E18,2164,E,18,3438,Post-Antibiotic
Unc06af7,E19,1496,E,19,2367.4,Post-Antibiotic
Unc06af7,E20,1238,E,20,1084.6,Post-Antibiotic
Unc06af7,E21,429,E,21,695,Antibiotic-free
Unc06af7,E22,96,E,22,467,Antibiotic-free
Unc06af7,E23,216,E,23,260.4,Antibiotic-free
Unc06af7,E24,356,E,24,192.2,Antibiotic-free
Unc06af7,E25,205,E,25,210.8,Antibiotic-free
Unc06af7,E26,88,E,26,201,Antibiotic-free
Unc06af7,E27,189,E,27,170,Antibiotic-free
Unc06af7,E28,167,E,28,173.2,Antibiotic-free
Unc06af7,E29,201,E,29,214.6,Antibiotic-free
Unc06af7,E30,221,E,30,230.4,Antibiotic-free
Unc06af7,E31,295,E,31,290.4,Antibiotic-free
Unc06af7,E32,268,E,32,316.4,Antibiotic-free
Unc06af7,E33,467,E,33,310.8,Antibiotic-free
Unc06af7,E34,331,E,34,303.2,Antibiotic-free
Unc06af7,E35,193,E,35,298,Antibiotic-free
Unc06af7,E36,257,E,36,286.2,Antibiotic-free
Unc06af7,E37,242,E,37,401,Antibiotic
Unc06af7,E38,408,E,38,638,Antibiotic
Unc06af7,E39,905,E,39,714.2,Antibiotic
Unc06af7,E40,1378,E,40,759.2,Antibiotic
Unc06af7,E41,638,E,41,853,Antibiotic
Unc06af7,E42,467,E,42,827.8,Post-Antibiotic
Unc06af7,E43,877,E,43,760.4,Post-Antibiotic
Unc06af7,E44,779,E,44,813.2,Post-Antibiotic
Unc06af7,E45,1041,E,45,809.2,Post-Antibiotic
Unc06af7,E46,902,E,46,674.6,Post-Antibiotic
Unc06af7,E47,447,E,47,611.2,Post-Antibiotic
Unc06af7,E48,204,E,48,473.8,Antibiotic-free
Unc06af7,E49,462,E,49,398.6,Antibiotic-free
Unc06af7,E50,354,E,50,334.8,Antibiotic-free
Unc06af7,E51,526,E,51,348,Antibiotic-free
Unc06af7,E52,128,E,52,283.8,Antibiotic-free
Unc06bhm,E1,270,E,1,251.8,Antibiotic-free
Unc06bhm,E2,141,E,2,179,Antibiotic-free
Unc06bhm,E3,194,E,3,197.4,Antibiotic-free
Unc06bhm,E4,162,E,4,185.6,Antibiotic-free
Unc06bhm,E5,220,E,5,203,Antibiotic-free
Unc06bhm,E6,211,E,6,213.6,Antibiotic-free
Unc06bhm,E7,228,E,7,211.6,Antibiotic-free
Unc06bhm,E8,247,E,8,204.6,Antibiotic-free
Unc06bhm,E9,152,E,9,210.6,Antibiotic-free
Unc06bhm,E10,185,E,10,189,Antibiotic-free
Unc06bhm,E11,241,E,11,172.6,Antibiotic-free
Unc06bhm,E12,120,E,12,201.6,Antibiotic
Unc06bhm,E13,165,E,13,256.4,Antibiotic
Unc06bhm,E14,297,E,14,374.4,Antibiotic
Unc06bhm,E15,459,E,15,576.4,Antibiotic
Unc06bhm,E16,831,E,16,599,Antibiotic
Unc06bhm,E17,1130,E,17,577.6,Post-Antibiotic
Unc06bhm,E18,278,E,18,507.8,Post-Antibiotic
Unc06bhm,E19,190,E,19,361,Post-Antibiotic
Unc06bhm,E20,110,E,20,139.2,Post-Antibiotic
Unc06bhm,E21,97,E,21,102.6,Antibiotic-free
Unc06bhm,E22,21,E,22,73.2,Antibiotic-free
Unc06bhm,E23,95,E,23,71.4,Antibiotic-free
Unc06bhm,E24,43,E,24,66.4,Antibiotic-free
Unc06bhm,E25,101,E,25,75.4,Antibiotic-free
Unc06bhm,E26,72,E,26,69,Antibiotic-free
Unc06bhm,E27,66,E,27,69.8,Antibiotic-free
Unc06bhm,E28,63,E,28,239.8,Antibiotic-free
Unc06bhm,E29,47,E,29,362.8,Antibiotic-free
Unc06bhm,E30,951,E,30,358.6,Antibiotic-free
Unc06bhm,E31,687,E,31,355,Antibiotic-free
Unc06bhm,E32,45,E,32,356.8,Antibiotic-free
Unc06bhm,E33,45,E,33,175.8,Antibiotic-free
Unc06bhm,E34,56,E,34,45,Antibiotic-free
Unc06bhm,E35,46,E,35,47.4,Antibiotic-free
Unc06bhm,E36,33,E,36,53.2,Antibiotic-free
Unc06bhm,E37,57,E,37,63.4,Antibiotic
Unc06bhm,E38,74,E,38,80,Antibiotic
Unc06bhm,E39,107,E,39,111.6,Antibiotic
Unc06bhm,E40,129,E,40,111.6,Antibiotic
Unc06bhm,E41,191,E,41,105,Antibiotic
Unc06bhm,E42,57,E,42,97.2,Post-Antibiotic
Unc06bhm,E43,41,E,43,79.2,Post-Antibiotic
Unc06bhm,E44,68,E,44,50.2,Post-Antibiotic
Unc06bhm,E45,39,E,45,53,Post-Antibiotic
Unc06bhm,E46,46,E,46,68.4,Post-Antibiotic
Unc06bhm,E47,71,E,47,67.6,Post-Antibiotic
Unc06bhm,E48,118,E,48,84.2,Antibiotic-free
Unc06bhm,E49,64,E,49,109.4,Antibiotic-free
Unc06bhm,E50,122,E,50,117,Antibiotic-free
Unc06bhm,E51,172,E,51,171.4,Antibiotic-free
Unc06bhm,E52,109,E,52,218,Antibiotic-free
Unc06g1h,E1,390,E,1,263.8,Antibiotic-free
Unc06g1h,E2,297,E,2,305.6,Antibiotic-free
Unc06g1h,E3,351,E,3,358.8,Antibiotic-free
Unc06g1h,E4,381,E,4,376.2,Antibiotic-free
Unc06g1h,E5,375,E,5,412.6,Antibiotic-free
Unc06g1h,E6,477,E,6,434.6,Antibiotic-free
Unc06g1h,E7,479,E,7,424,Antibiotic-free
Unc06g1h,E8,461,E,8,457.6,Antibiotic-free
Unc06g1h,E9,328,E,9,492.2,Antibiotic-free
Unc06g1h,E10,543,E,10,450.8,Antibiotic-free
Unc06g1h,E11,650,E,11,477.8,Antibiotic-free
Unc06g1h,E12,272,E,12,771.2,Antibiotic
Unc06g1h,E13,596,E,13,1259,Antibiotic
Unc06g1h,E14,1795,E,14,1893.8,Antibiotic
Unc06g1h,E15,2982,E,15,2621.8,Antibiotic
Unc06g1h,E16,3824,E,16,2745.4,Antibiotic
Unc06g1h,E17,3912,E,17,2582.2,Post-Antibiotic
Unc06g1h,E18,1214,E,18,2229.2,Post-Antibiotic
Unc06g1h,E19,979,E,19,1525,Post-Antibiotic
Unc06g1h,E20,1217,E,20,751,Post-Antibiotic
Unc06g1h,E21,303,E,21,541,Antibiotic-free
Unc06g1h,E22,42,E,22,389.4,Antibiotic-free
Unc06g1h,E23,164,E,23,174.2,Antibiotic-free
Unc06g1h,E24,221,E,24,125.8,Antibiotic-free
Unc06g1h,E25,141,E,25,144,Antibiotic-free
Unc06g1h,E26,61,E,26,131.2,Antibiotic-free
Unc06g1h,E27,133,E,27,108.4,Antibiotic-free
Unc06g1h,E28,100,E,28,447.6,Antibiotic-free
Unc06g1h,E29,107,E,29,926.4,Antibiotic-free
Unc06g1h,E30,1837,E,30,946.6,Antibiotic-free
Unc06g1h,E31,2455,E,31,1016.6,Antibiotic-free
Unc06g1h,E32,234,E,32,1044.6,Antibiotic-free
Unc06g1h,E33,450,E,33,708.2,Antibiotic-free
Unc06g1h,E34,247,E,34,251,Antibiotic-free
Unc06g1h,E35,155,E,35,233.4,Antibiotic-free
Unc06g1h,E36,169,E,36,224.6,Antibiotic-free
Unc06g1h,E37,146,E,37,283.2,Antibiotic
Unc06g1h,E38,406,E,38,525.2,Antibiotic
Unc06g1h,E39,540,E,39,580.4,Antibiotic
Unc06g1h,E40,1365,E,40,612.8,Antibiotic
Unc06g1h,E41,445,E,41,635.4,Antibiotic
Unc06g1h,E42,308,E,42,679,Post-Antibiotic
Unc06g1h,E43,519,E,43,539,Post-Antibiotic
Unc06g1h,E44,758,E,44,628,Post-Antibiotic
Unc06g1h,E45,665,E,45,628.6,Post-Antibiotic
Unc06g1h,E46,890,E,46,548.4,Post-Antibiotic
Unc06g1h,E47,311,E,47,473.6,Post-Antibiotic
Unc06g1h,E48,118,E,48,382.8,Antibiotic-free
Unc06g1h,E49,384,E,49,281.2,Antibiotic-free
Unc06g1h,E50,211,E,50,244.6,Antibiotic-free
Unc06g1h,E51,382,E,51,441,Antibiotic-free
Unc06g1h,E52,128,E,52,757,Antibiotic-free
Unc06grq,E1,1100,E,1,911.2,Antibiotic-free
Unc06grq,E2,1964,E,2,999.2,Antibiotic-free
Unc06grq,E3,982,E,3,1127.4,Antibiotic-free
Unc06grq,E4,822,E,4,1095.4,Antibiotic-free
Unc06grq,E5,769,E,5,928.4,Antibiotic-free
Unc06grq,E6,940,E,6,995.6,Antibiotic-free
Unc06grq,E7,1129,E,7,982.6,Antibiotic-free
Unc06grq,E8,1318,E,8,1231.6,Antibiotic-free
Unc06grq,E9,757,E,9,1622.8,Antibiotic-free
Unc06grq,E10,2014,E,10,1643.6,Antibiotic-free
Unc06grq,E11,2896,E,11,1622,Antibiotic-free
Unc06grq,E12,1233,E,12,1487.8,Antibiotic
Unc06grq,E13,1210,E,13,1085,Antibiotic
Unc06grq,E14,86,E,14,506,Antibiotic
Unc06grq,E15,0,E,15,260,Antibiotic
Unc06grq,E16,1,E,16,18.2,Antibiotic
Unc06grq,E17,3,E,17,1.2,Post-Antibiotic
Unc06grq,E18,1,E,18,15.8,Post-Antibiotic
Unc06grq,E19,1,E,19,68.4,Post-Antibiotic
Unc06grq,E20,73,E,20,77,Post-Antibiotic
Unc06grq,E21,264,E,21,180.8,Antibiotic-free
Unc06grq,E22,46,E,22,368.4,Antibiotic-free
Unc06grq,E23,520,E,23,459,Antibiotic-free
Unc06grq,E24,939,E,24,572.8,Antibiotic-free
Unc06grq,E25,526,E,25,649.4,Antibiotic-free
Unc06grq,E26,833,E,26,668.2,Antibiotic-free
Unc06grq,E27,429,E,27,566,Antibiotic-free
Unc06grq,E28,614,E,28,650.2,Antibiotic-free
Unc06grq,E29,428,E,29,695.2,Antibiotic-free
Unc06grq,E30,947,E,30,718.8,Antibiotic-free
Unc06grq,E31,1058,E,31,849.8,Antibiotic-free
Unc06grq,E32,547,E,32,956.8,Antibiotic-free
Unc06grq,E33,1269,E,33,916.2,Antibiotic-free
Unc06grq,E34,963,E,34,929.2,Antibiotic-free
Unc06grq,E35,744,E,35,1113.6,Antibiotic-free
Unc06grq,E36,1123,E,36,1097.6,Antibiotic-free
Unc06grq,E37,1469,E,37,954.6,Antibiotic
Unc06grq,E38,1189,E,38,806,Antibiotic
Unc06grq,E39,248,E,39,581.4,Antibiotic
Unc06grq,E40,1,E,40,287.6,Antibiotic
Unc06grq,E41,0,E,41,50,Antibiotic
Unc06grq,E42,0,E,42,0.4,Post-Antibiotic
Unc06grq,E43,1,E,43,0.2,Post-Antibiotic
Unc06grq,E44,0,E,44,0.2,Post-Antibiotic
Unc06grq,E45,0,E,45,1,Post-Antibiotic
Unc06grq,E46,0,E,46,2,Post-Antibiotic
Unc06grq,E47,4,E,47,260.6,Post-Antibiotic
Unc06grq,E48,6,E,48,516.2,Antibiotic-free
Unc06grq,E49,1293,E,49,812,Antibiotic-free
Unc06grq,E50,1278,E,50,909.2,Antibiotic-free
Unc06grq,E51,1479,E,51,1180.4,Antibiotic-free
Unc06grq,E52,490,E,52,1351,Antibiotic-free
Unc09fy6,E1,1362,E,1,1322.2,Antibiotic-free
Unc09fy6,E2,2146,E,2,1519.4,Antibiotic-free
Unc09fy6,E3,1134,E,3,1928.6,Antibiotic-free
Unc09fy6,E4,2465,E,4,2182.8,Antibiotic-free
Unc09fy6,E5,2536,E,5,2097.2,Antibiotic-free
Unc09fy6,E6,2633,E,6,2079,Antibiotic-free
Unc09fy6,E7,1718,E,7,2057.8,Antibiotic-free
Unc09fy6,E8,1043,E,8,1787,Antibiotic-free
Unc09fy6,E9,2359,E,9,2487.6,Antibiotic-free
Unc09fy6,E10,1182,E,10,2763.4,Antibiotic-free
Unc09fy6,E11,6136,E,11,3015,Antibiotic-free
Unc09fy6,E12,3097,E,12,2581.6,Antibiotic
Unc09fy6,E13,2301,E,13,2347.6,Antibiotic
Unc09fy6,E14,192,E,14,1124.2,Antibiotic
Unc09fy6,E15,12,E,15,505.4,Antibiotic
Unc09fy6,E16,19,E,16,86.6,Antibiotic
Unc09fy6,E17,3,E,17,898.6,Post-Antibiotic
Unc09fy6,E18,207,E,18,1661.6,Post-Antibiotic
Unc09fy6,E19,4252,E,19,2319.6,Post-Antibiotic
Unc09fy6,E20,3827,E,20,2426,Post-Antibiotic
Unc09fy6,E21,3309,E,21,2800,Antibiotic-free
Unc09fy6,E22,535,E,22,2200.6,Antibiotic-free
Unc09fy6,E23,2077,E,23,2286.8,Antibiotic-free
Unc09fy6,E24,1255,E,24,1967,Antibiotic-free
Unc09fy6,E25,4258,E,25,2295.4,Antibiotic-free
Unc09fy6,E26,1710,E,26,2440.4,Antibiotic-free
Unc09fy6,E27,2177,E,27,2730.6,Antibiotic-free
Unc09fy6,E28,2802,E,28,3114,Antibiotic-free
Unc09fy6,E29,2706,E,29,4966,Antibiotic-free
Unc09fy6,E30,6175,E,30,4984.6,Antibiotic-free
Unc09fy6,E31,10970,E,31,4573.8,Antibiotic-free
Unc09fy6,E32,2270,E,32,4281.4,Antibiotic-free
Unc09fy6,E33,748,E,33,3577.2,Antibiotic-free
Unc09fy6,E34,1244,E,34,2028.4,Antibiotic-free
Unc09fy6,E35,2654,E,35,2134.6,Antibiotic-free
Unc09fy6,E36,3226,E,36,2273.2,Antibiotic-free
Unc09fy6,E37,2801,E,37,2232.8,Antibiotic
Unc09fy6,E38,1441,E,38,1766.4,Antibiotic
Unc09fy6,E39,1042,E,39,1882.2,Antibiotic
Unc09fy6,E40,322,E,40,1809.2,Antibiotic
Unc09fy6,E41,3805,E,41,1921.6,Antibiotic
Unc09fy6,E42,2436,E,42,2197.6,Post-Antibiotic
Unc09fy6,E43,2003,E,43,3176.2,Post-Antibiotic
Unc09fy6,E44,2422,E,44,3125.4,Post-Antibiotic
Unc09fy6,E45,5215,E,45,3186.6,Post-Antibiotic
Unc09fy6,E46,3551,E,46,3622.8,Post-Antibiotic
Unc09fy6,E47,2742,E,47,3873.2,Post-Antibiotic
Unc09fy6,E48,4184,E,48,3595.4,Antibiotic-free
Unc09fy6,E49,3674,E,49,3325.4,Antibiotic-free
Unc09fy6,E50,3826,E,50,3281.4,Antibiotic-free
Unc09fy6,E51,2201,E,51,2454.6,Antibiotic-free
Unc09fy6,E52,2522,E,52,1722.4,Antibiotic-free
Unc05qi6,F1,50,F,1,984.8,Antibiotic-free
Unc05qi6,F2,13,F,2,548.8,Antibiotic-free
Unc05qi6,F3,138,F,3,79.2,Antibiotic-free
Unc05qi6,F4,21,F,4,98.6,Antibiotic-free
Unc05qi6,F5,174,F,5,143,Antibiotic-free
Unc05qi6,F6,147,F,6,141,Antibiotic-free
Unc05qi6,F7,235,F,7,178,Antibiotic-free
Unc05qi6,F8,128,F,8,221,Antibiotic-free
Unc05qi6,F9,206,F,9,223.4,Antibiotic-free
Unc05qi6,F10,389,F,10,179.6,Antibiotic-free
Unc05qi6,F11,159,F,11,160.2,Antibiotic-free
Unc05qi6,F12,16,F,12,124.4,Antibiotic
Unc05qi6,F13,31,F,13,46.6,Antibiotic
Unc05qi6,F14,27,F,14,14.8,Antibiotic
Unc05qi6,F15,0,F,15,11.6,Antibiotic
Unc05qi6,F16,0,F,16,5.4,Antibiotic
Unc05qi6,F17,0,F,17,0,Post-Antibiotic
Unc05qi6,F18,0,F,18,1.2,Post-Antibiotic
Unc05qi6,F19,0,F,19,13.8,Post-Antibiotic
Unc05qi6,F20,6,F,20,31.6,Post-Antibiotic
Unc05qi6,F21,63,F,21,49.4,Post-Antibiotic
Unc05qi6,F22,89,F,22,53,Post-Antibiotic
Unc05qi6,F23,89,F,23,77.2,Post-Antibiotic
Unc05qi6,F24,18,F,24,85.6,Antibiotic-free
Unc05qi6,F25,127,F,25,68.8,Antibiotic-free
Unc05qi6,F26,105,F,26,52.2,Antibiotic-free
Unc05qi6,F27,5,F,27,60,Antibiotic-free
Unc05qi6,F28,6,F,28,37,Antibiotic-free
Unc05qi6,F29,57,F,29,23.4,Antibiotic-free
Unc05qi6,F30,12,F,30,29.2,Antibiotic-free
Unc05qi6,F31,37,F,31,50.6,Antibiotic-free
Unc05qi6,F32,34,F,32,54.6,Antibiotic-free
Unc05qi6,F33,113,F,33,69,Antibiotic-free
Unc05qi6,F34,77,F,34,93,Antibiotic-free
Unc05qi6,F35,84,F,35,111.6,Antibiotic-free
Unc05qi6,F36,157,F,36,106.8,Antibiotic-free
Unc05qi6,F37,127,F,37,94,Antibiotic-free
Unc05qi6,F38,89,F,38,79.8,Antibiotic-free
Unc05qi6,F39,13,F,39,51.2,Antibiotic-free
Unc05qi6,F40,13,F,40,41.2,Antibiotic-free
Unc05qi6,F41,14,F,41,25.8,Antibiotic
Unc05qi6,F42,77,F,42,24,Antibiotic
Unc05qi6,F43,12,F,43,22.6,Antibiotic
Unc05qi6,F44,4,F,44,20,Antibiotic
Unc05qi6,F45,6,F,45,5.8,Post-Antibiotic
Unc05qi6,F46,1,F,46,8.6,Post-Antibiotic
Unc05qi6,F47,6,F,47,12.2,Post-Antibiotic
Unc05qi6,F48,26,F,48,20.6,Post-Antibiotic
Unc05qi6,F49,22,F,49,27.2,Post-Antibiotic
Unc05qi6,F50,48,F,50,41.4,Post-Antibiotic
Unc05qi6,F51,34,F,51,38.6,Post-Antibiotic
Unc05qi6,F52,77,F,52,45.8,Antibiotic-free
Unc05qi6,F53,12,F,53,36.2,Antibiotic-free
Unc05qi6,F54,58,F,54,29.4,Antibiotic-free
Unc06af7,F1,0,F,1,14,Antibiotic-free
Unc06af7,F2,0,F,2,11.6,Antibiotic-free
Unc06af7,F3,0,F,3,0,Antibiotic-free
Unc06af7,F4,0,F,4,0,Antibiotic-free
Unc06af7,F5,0,F,5,0.2,Antibiotic-free
Unc06af7,F6,0,F,6,0.2,Antibiotic-free
Unc06af7,F7,1,F,7,0.2,Antibiotic-free
Unc06af7,F8,0,F,8,0.2,Antibiotic-free
Unc06af7,F9,0,F,9,0.2,Antibiotic-free
Unc06af7,F10,0,F,10,0,Antibiotic-free
Unc06af7,F11,0,F,11,0,Antibiotic-free
Unc06af7,F12,0,F,12,0,Antibiotic
Unc06af7,F13,0,F,13,0,Antibiotic
Unc06af7,F14,0,F,14,0,Antibiotic
Unc06af7,F15,0,F,15,0,Antibiotic
Unc06af7,F16,0,F,16,0,Antibiotic
Unc06af7,F17,0,F,17,0,Post-Antibiotic
Unc06af7,F18,0,F,18,0,Post-Antibiotic
Unc06af7,F19,0,F,19,0,Post-Antibiotic
Unc06af7,F20,0,F,20,0,Post-Antibiotic
Unc06af7,F21,0,F,21,0,Post-Antibiotic
Unc06af7,F22,0,F,22,0,Post-Antibiotic
Unc06af7,F23,0,F,23,0,Post-Antibiotic
Unc06af7,F24,0,F,24,0,Antibiotic-free
Unc06af7,F25,0,F,25,0,Antibiotic-free
Unc06af7,F26,0,F,26,0,Antibiotic-free
Unc06af7,F27,0,F,27,0,Antibiotic-free
Unc06af7,F28,0,F,28,0,Antibiotic-free
Unc06af7,F29,0,F,29,0,Antibiotic-free
Unc06af7,F30,0,F,30,0,Antibiotic-free
Unc06af7,F31,0,F,31,0,Antibiotic-free
Unc06af7,F32,0,F,32,0,Antibiotic-free
Unc06af7,F33,0,F,33,0,Antibiotic-free
Unc06af7,F34,0,F,34,0,Antibiotic-free
Unc06af7,F35,0,F,35,0,Antibiotic-free
Unc06af7,F36,0,F,36,0,Antibiotic-free
Unc06af7,F37,0,F,37,0,Antibiotic-free
Unc06af7,F38,0,F,38,0,Antibiotic-free
Unc06af7,F39,0,F,39,0,Antibiotic-free
Unc06af7,F40,0,F,40,0,Antibiotic-free
Unc06af7,F41,0,F,41,0,Antibiotic
Unc06af7,F42,0,F,42,0,Antibiotic
Unc06af7,F43,0,F,43,0,Antibiotic
Unc06af7,F44,0,F,44,0,Antibiotic
Unc06af7,F45,0,F,45,0,Post-Antibiotic
Unc06af7,F46,0,F,46,0,Post-Antibiotic
Unc06af7,F47,0,F,47,0,Post-Antibiotic
Unc06af7,F48,0,F,48,0,Post-Antibiotic
Unc06af7,F49,0,F,49,0,Post-Antibiotic
Unc06af7,F50,0,F,50,0,Post-Antibiotic
Unc06af7,F51,0,F,51,0,Post-Antibiotic
Unc06af7,F52,0,F,52,0.2,Antibiotic-free
Unc06af7,F53,0,F,53,121.8,Antibiotic-free
Unc06af7,F54,1,F,54,224.2,Antibiotic-free
Unc06bhm,F1,608,F,1,373.2,Antibiotic-free
Unc06bhm,F2,512,F,2,477.2,Antibiotic-free
Unc06bhm,F3,745,F,3,549.4,Antibiotic-free
Unc06bhm,F4,520,F,4,537.6,Antibiotic-free
Unc06bhm,F5,362,F,5,625.6,Antibiotic-free
Unc06bhm,F6,549,F,6,636,Antibiotic-free
Unc06bhm,F7,952,F,7,666.8,Antibiotic-free
Unc06bhm,F8,797,F,8,773.4,Antibiotic-free
Unc06bhm,F9,674,F,9,836.2,Antibiotic-free
Unc06bhm,F10,895,F,10,738.8,Antibiotic-free
Unc06bhm,F11,863,F,11,823.8,Antibiotic-free
Unc06bhm,F12,465,F,12,704.6,Antibiotic
Unc06bhm,F13,1222,F,13,525.6,Antibiotic
Unc06bhm,F14,78,F,14,353,Antibiotic
Unc06bhm,F15,0,F,15,260,Antibiotic
Unc06bhm,F16,0,F,16,15.6,Antibiotic
Unc06bhm,F17,0,F,17,0,Post-Antibiotic
Unc06bhm,F18,0,F,18,0,Post-Antibiotic
Unc06bhm,F19,0,F,19,0,Post-Antibiotic
Unc06bhm,F20,0,F,20,0,Post-Antibiotic
Unc06bhm,F21,0,F,21,0,Post-Antibiotic
Unc06bhm,F22,0,F,22,6,Post-Antibiotic
Unc06bhm,F23,0,F,23,22.2,Post-Antibiotic
Unc06bhm,F24,30,F,24,23.2,Antibiotic-free
Unc06bhm,F25,81,F,25,119.8,Antibiotic-free
Unc06bhm,F26,5,F,26,344.4,Antibiotic-free
Unc06bhm,F27,483,F,27,341.2,Antibiotic-free
Unc06bhm,F28,1123,F,28,739,Antibiotic-free
Unc06bhm,F29,14,F,29,1268.8,Antibiotic-free
Unc06bhm,F30,2070,F,30,1641.2,Antibiotic-free
Unc06bhm,F31,2654,F,31,1652.6,Antibiotic-free
Unc06bhm,F32,2345,F,32,2061.2,Antibiotic-free
Unc06bhm,F33,1180,F,33,1941.4,Antibiotic-free
Unc06bhm,F34,2057,F,34,1732,Antibiotic-free
Unc06bhm,F35,1471,F,35,1690.2,Antibiotic-free
Unc06bhm,F36,1607,F,36,1880.4,Antibiotic-free
Unc06bhm,F37,2136,F,37,1720,Antibiotic-free
Unc06bhm,F38,2131,F,38,2008.6,Antibiotic-free
Unc06bhm,F39,1255,F,39,2069.2,Antibiotic-free
Unc06bhm,F40,2914,F,40,1953,Antibiotic-free
Unc06bhm,F41,1910,F,41,1631,Antibiotic
Unc06bhm,F42,1555,F,42,1383.6,Antibiotic
Unc06bhm,F43,521,F,43,802.2,Antibiotic
Unc06bhm,F44,18,F,44,422.2,Antibiotic
Unc06bhm,F45,7,F,45,120.4,Post-Antibiotic
Unc06bhm,F46,10,F,46,48.4,Post-Antibiotic
Unc06bhm,F47,46,F,47,200.2,Post-Antibiotic
Unc06bhm,F48,161,F,48,244.2,Post-Antibiotic
Unc06bhm,F49,777,F,49,308.2,Post-Antibiotic
Unc06bhm,F50,227,F,50,594.2,Post-Antibiotic
Unc06bhm,F51,330,F,51,662,Post-Antibiotic
Unc06bhm,F52,1476,F,52,677,Antibiotic-free
Unc06bhm,F53,500,F,53,631.6,Antibiotic-free
Unc06bhm,F54,852,F,54,565.6,Antibiotic-free
Unc06g1h,F1,0,F,1,270.4,Antibiotic-free
Unc06g1h,F2,0,F,2,170.4,Antibiotic-free
Unc06g1h,F3,0,F,3,0.2,Antibiotic-free
Unc06g1h,F4,0,F,4,0.2,Antibiotic-free
Unc06g1h,F5,1,F,5,1,Antibiotic-free
Unc06g1h,F6,0,F,6,1,Antibiotic-free
Unc06g1h,F7,4,F,7,1,Antibiotic-free
Unc06g1h,F8,0,F,8,1,Antibiotic-free
Unc06g1h,F9,0,F,9,1,Antibiotic-free
Unc06g1h,F10,1,F,10,0.2,Antibiotic-free
Unc06g1h,F11,0,F,11,0.2,Antibiotic-free
Unc06g1h,F12,0,F,12,0.2,Antibiotic
Unc06g1h,F13,0,F,13,0,Antibiotic
Unc06g1h,F14,0,F,14,0,Antibiotic
Unc06g1h,F15,0,F,15,0,Antibiotic
Unc06g1h,F16,0,F,16,0,Antibiotic
Unc06g1h,F17,0,F,17,0,Post-Antibiotic
Unc06g1h,F18,0,F,18,0,Post-Antibiotic
Unc06g1h,F19,0,F,19,0,Post-Antibiotic
Unc06g1h,F20,0,F,20,0,Post-Antibiotic
Unc06g1h,F21,0,F,21,0,Post-Antibiotic
Unc06g1h,F22,0,F,22,0,Post-Antibiotic
Unc06g1h,F23,0,F,23,0.2,Post-Antibiotic
Unc06g1h,F24,0,F,24,0.2,Antibiotic-free
Unc06g1h,F25,1,F,25,0.2,Antibiotic-free
Unc06g1h,F26,0,F,26,0.2,Antibiotic-free
Unc06g1h,F27,0,F,27,0.2,Antibiotic-free
Unc06g1h,F28,0,F,28,0,Antibiotic-free
Unc06g1h,F29,0,F,29,0,Antibiotic-free
Unc06g1h,F30,0,F,30,0,Antibiotic-free
Unc06g1h,F31,0,F,31,0,Antibiotic-free
Unc06g1h,F32,0,F,32,0,Antibiotic-free
Unc06g1h,F33,0,F,33,0.2,Antibiotic-free
Unc06g1h,F34,0,F,34,0.2,Antibiotic-free
Unc06g1h,F35,1,F,35,0.2,Antibiotic-free
Unc06g1h,F36,0,F,36,0.2,Antibiotic-free
Unc06g1h,F37,0,F,37,0.2,Antibiotic-free
Unc06g1h,F38,0,F,38,0.2,Antibiotic-free
Unc06g1h,F39,0,F,39,0.8,Antibiotic-free
Unc06g1h,F40,1,F,40,1,Antibiotic-free
Unc06g1h,F41,3,F,41,1,Antibiotic
Unc06g1h,F42,1,F,42,1,Antibiotic
Unc06g1h,F43,0,F,43,0.8,Antibiotic
Unc06g1h,F44,0,F,44,0.2,Antibiotic
Unc06g1h,F45,0,F,45,0,Post-Antibiotic
Unc06g1h,F46,0,F,46,0,Post-Antibiotic
Unc06g1h,F47,0,F,47,0,Post-Antibiotic
Unc06g1h,F48,0,F,48,0,Post-Antibiotic
Unc06g1h,F49,0,F,49,0.2,Post-Antibiotic
Unc06g1h,F50,0,F,50,0.2,Post-Antibiotic
Unc06g1h,F51,1,F,51,0.4,Post-Antibiotic
Unc06g1h,F52,0,F,52,0.6,Antibiotic-free
Unc06g1h,F53,1,F,53,256,Antibiotic-free
Unc06g1h,F54,1,F,54,456.2,Antibiotic-free
Unc06grq,F1,1277,F,1,961,Antibiotic-free
Unc06grq,F2,1002,F,2,1461.6,Antibiotic-free
Unc06grq,F3,2524,F,3,1763.4,Antibiotic-free
Unc06grq,F4,2504,F,4,1849.6,Antibiotic-free
Unc06grq,F5,1510,F,5,2056,Antibiotic-free
Unc06grq,F6,1708,F,6,1938.8,Antibiotic-free
Unc06grq,F7,2034,F,7,1777.8,Antibiotic-free
Unc06grq,F8,1938,F,8,1870.4,Antibiotic-free
Unc06grq,F9,1699,F,9,1973.4,Antibiotic-free
Unc06grq,F10,1973,F,10,1760.4,Antibiotic-free
Unc06grq,F11,2223,F,11,1569.8,Antibiotic-free
Unc06grq,F12,969,F,12,1248,Antibiotic
Unc06grq,F13,985,F,13,853.8,Antibiotic
Unc06grq,F14,90,F,14,430.2,Antibiotic
Unc06grq,F15,2,F,15,261.4,Antibiotic
Unc06grq,F16,105,F,16,133.2,Antibiotic
Unc06grq,F17,125,F,17,377.4,Post-Antibiotic
Unc06grq,F18,344,F,18,1062,Post-Antibiotic
Unc06grq,F19,1311,F,19,1853.8,Post-Antibiotic
Unc06grq,F20,3425,F,20,2406.6,Post-Antibiotic
Unc06grq,F21,4064,F,21,2994.4,Post-Antibiotic
Unc06grq,F22,2889,F,22,2883.4,Post-Antibiotic
Unc06grq,F23,3283,F,23,2212.8,Post-Antibiotic
Unc06grq,F24,756,F,24,1852.4,Antibiotic-free
Unc06grq,F25,72,F,25,1543.4,Antibiotic-free
Unc06grq,F26,2262,F,26,1246,Antibiotic-free
Unc06grq,F27,1344,F,27,1385.4,Antibiotic-free
Unc06grq,F28,1796,F,28,1591.4,Antibiotic-free
Unc06grq,F29,1453,F,29,1355.2,Antibiotic-free
Unc06grq,F30,1102,F,30,1357.4,Antibiotic-free
Unc06grq,F31,1081,F,31,1217.6,Antibiotic-free
Unc06grq,F32,1355,F,32,982.2,Antibiotic-free
Unc06grq,F33,1097,F,33,918,Antibiotic-free
Unc06grq,F34,276,F,34,827.8,Antibiotic-free
Unc06grq,F35,781,F,35,631.4,Antibiotic-free
Unc06grq,F36,630,F,36,575.8,Antibiotic-free
Unc06grq,F37,373,F,37,732.6,Antibiotic-free
Unc06grq,F38,819,F,38,628.2,Antibiotic-free
Unc06grq,F39,1060,F,39,563.4,Antibiotic-free
Unc06grq,F40,259,F,40,929,Antibiotic-free
Unc06grq,F41,306,F,41,1323.6,Antibiotic
Unc06grq,F42,2201,F,42,1782.4,Antibiotic
Unc06grq,F43,2792,F,43,2496,Antibiotic
Unc06grq,F44,3354,F,44,2901.4,Antibiotic
Unc06grq,F45,3827,F,45,2781.8,Post-Antibiotic
Unc06grq,F46,2333,F,46,2737.4,Post-Antibiotic
Unc06grq,F47,1603,F,47,2520.2,Post-Antibiotic
Unc06grq,F48,2570,F,48,2296.6,Post-Antibiotic
Unc06grq,F49,2268,F,49,2248.4,Post-Antibiotic
Unc06grq,F50,2709,F,50,2544,Post-Antibiotic
Unc06grq,F51,2092,F,51,2983.6,Post-Antibiotic
Unc06grq,F52,3081,F,52,3448.6,Antibiotic-free
Unc06grq,F53,4768,F,53,2977.2,Antibiotic-free
Unc06grq,F54,4593,F,54,2722,Antibiotic-free
Unc09fy6,F1,352,F,1,2284.2,Antibiotic-free
Unc09fy6,F2,816,F,2,1369.4,Antibiotic-free
Unc09fy6,F3,892,F,3,486.8,Antibiotic-free
Unc09fy6,F4,194,F,4,468.6,Antibiotic-free
Unc09fy6,F5,180,F,5,376.8,Antibiotic-free
Unc09fy6,F6,261,F,6,231.4,Antibiotic-free
Unc09fy6,F7,357,F,7,236.6,Antibiotic-free
Unc09fy6,F8,165,F,8,224.6,Antibiotic-free
Unc09fy6,F9,220,F,9,231.8,Antibiotic-free
Unc09fy6,F10,120,F,10,185.2,Antibiotic-free
Unc09fy6,F11,297,F,11,208.2,Antibiotic-free
Unc09fy6,F12,124,F,12,832,Antibiotic
Unc09fy6,F13,280,F,13,1874.2,Antibiotic
Unc09fy6,F14,3339,F,14,2371.2,Antibiotic
Unc09fy6,F15,5331,F,15,2979,Antibiotic
Unc09fy6,F16,2782,F,16,3308.6,Antibiotic
Unc09fy6,F17,3163,F,17,2830.4,Post-Antibiotic
Unc09fy6,F18,1928,F,18,1952.4,Post-Antibiotic
Unc09fy6,F19,948,F,19,1605.4,Post-Antibiotic
Unc09fy6,F20,941,F,20,1199,Post-Antibiotic
Unc09fy6,F21,1047,F,21,1252.8,Post-Antibiotic
Unc09fy6,F22,1131,F,22,1455.6,Post-Antibiotic
Unc09fy6,F23,2197,F,23,1768,Post-Antibiotic
Unc09fy6,F24,1962,F,24,1718.6,Antibiotic-free
Unc09fy6,F25,2503,F,25,1731,Antibiotic-free
Unc09fy6,F26,800,F,26,1345,Antibiotic-free
Unc09fy6,F27,1193,F,27,1265.4,Antibiotic-free
Unc09fy6,F28,267,F,28,816,Antibiotic-free
Unc09fy6,F29,1564,F,29,658,Antibiotic-free
Unc09fy6,F30,256,F,30,420.8,Antibiotic-free
Unc09fy6,F31,10,F,31,377.8,Antibiotic-free
Unc09fy6,F32,7,F,32,78.6,Antibiotic-free
Unc09fy6,F33,52,F,33,40.6,Antibiotic-free
Unc09fy6,F34,68,F,34,43.8,Antibiotic-free
Unc09fy6,F35,66,F,35,51.8,Antibiotic-free
Unc09fy6,F36,26,F,36,65.2,Antibiotic-free
Unc09fy6,F37,47,F,37,56.8,Antibiotic-free
Unc09fy6,F38,119,F,38,51.8,Antibiotic-free
Unc09fy6,F39,26,F,39,50.4,Antibiotic-free
Unc09fy6,F40,41,F,40,94.8,Antibiotic-free
Unc09fy6,F41,19,F,41,232.2,Antibiotic
Unc09fy6,F42,269,F,42,374.2,Antibiotic
Unc09fy6,F43,806,F,43,588.4,Antibiotic
Unc09fy6,F44,736,F,44,755.8,Antibiotic
Unc09fy6,F45,1112,F,45,878.4,Post-Antibiotic
Unc09fy6,F46,856,F,46,891.8,Post-Antibiotic
Unc09fy6,F47,882,F,47,850.4,Post-Antibiotic
Unc09fy6,F48,873,F,48,824,Post-Antibiotic
Unc09fy6,F49,529,F,49,805.6,Post-Antibiotic
Unc09fy6,F50,980,F,50,721.4,Post-Antibiotic
Unc09fy6,F51,764,F,51,575.4,Post-Antibiotic
Unc09fy6,F52,461,F,52,554,Antibiotic-free
Unc09fy6,F53,143,F,53,NA,Antibiotic-free
Unc09fy6,F54,422,F,54,NA,Antibiotic-free
